{
  "_command_last_processed_id:09a624a0-adeb-463e-ae55-6bea8682ac98": 1767162080642,
  "09a624a0-adeb-463e-ae55-6bea8682ac98": {
    "timestamp": "2025-12-31T13:02:09.110640",
    "values": {
      "soil_moisture": 46.4883057945719,
      "temperature": 31.007511762416108,
      "humidity": 93.36018965917712,
      "nitrogen": 87.93995806858523,
      "phosphorus": 41.791217014722925,
      "potassium": 80.05399119740892,
      "ph": 7.301937759695817,
      "ec": 1.277692808333629
    },
    "trends": {
      "soil_moisture": -0.1203697422619523,
      "temperature": 0.01344603779633391,
      "humidity": -0.16845729061461764,
      "nitrogen": 0.21563247631588095,
      "phosphorus": 0.1551318714655659,
      "potassium": 0.11370753765462321,
      "ph": 0.005153744552107018,
      "ec": -0.2634985153209083
    }
  }
}